Workbook

Sheet Integrated
D1: FLU DEATH | P1: US POPULATION | AA1: FLU DEATH PERCENTAGE RATE
A2: State | B2: Year | C2: Combined Key | D2: <5 | E2: 5-14 | F2: 15-24 | G2: 25-34 | H2: 35-44 | I2: 45-54 | J2: 55-64 | K2: 65-74 | L2: 75-84 | M2: 85+ | N2: NS | O2: Grand Total | P2: <5 | Q2: 5 -14 years | R2: 15-24 years | S2: 25-34 years | T2: 35-44 years | U2: 45-54 years | V2: 55-64 years | W2: 65-74 years | X2: 75-84 years | Y2: 85 years and over | Z2: Total Population | AA2: <5 years | AB2: 5 -14 years | AC2: 15-24 years | AD2: 25-34 years | AE2: 35-44 years | AF2: 45-54 years | AG2: 55-64 years | AH2: 65-74 years | AI2: 75-84 years | AJ2: 85 years and over | AK2: Total % Death Population
A3: Alabama | B3: 2009 | C3: =A3&", "&B3 -> Alabama, 2009 | D3: 110 | E3: 47 | F3: 58 | G3: 49 | H3: 59 | I3: 59 | J3: 61 | K3: 110 | L3: 261 | M3: 356 | N3: 51 | O3: 1221 | P3: 307928.86 | Q3: 619584.35 | R3: 656445.02 | S3: 601454.69 | T3: 631297.47 | U3: 665153.42 | V3: 525898.71 | W3: 336355.46 | X3: 213823.89 | Y3: 76362.826 | Z3: 4633360 | AA3: =D3/P3 -> 0.00035722536 | AB3: =E3/Q3 -> 7.5857306e-05 | AC3: =F3/R3 -> 8.8354695e-05 | AD3: =G3/S3 -> 8.1469146e-05 | AE3: =H3/T3 -> 9.3458318e-05 | AF3: =I3/U3 -> 8.8701341e-05 | AG3: =J3/V3 -> 0.00011599192 | AH3: =K3/W3 -> 0.00032703498 | ... AJ3: =M3/Y3 -> 0.0046619542 | AK3: =O3/Z3 -> 0.00026352366
A4: Alabama | B4: 2010 | C4: =A4&", "&B4 -> Alabama, 2010 | D4: 106 | E4: 50 | F4: 42 | G4: 63 | H4: 46 | I4: 62 | J4: 79 | K4: 152 | L4: 263 | M4: 348 | N4: 63 | O4: 1274 | P4: 301990.14 | Q4: 625325.94 | R4: 669416.21 | S4: 595474.28 | T4: 631224.87 | U4: 682970.65 | V4: 554102.35 | W4: 352196.41 | X4: 206901.89 | Y4: 74153.069 | Z4: 4690384 | AA4: =D4/P4 -> 0.00035100484 | AB4: =E4/Q4 -> 7.9958302e-05 | AC4: =F4/R4 -> 6.2741235e-05 | AD4: =G4/S4 -> 0.00010579802 | AE4: =H4/T4 -> 7.2874188e-05 | AF4: =I4/U4 -> 9.0779889e-05 | AG4: =J4/V4 -> 0.00014257294 | AH4: =K4/W4 -> 0.00043157737 | ... AJ4: =M4/Y4 -> 0.0046929952 | AK4: =O4/Z4 -> 0.00027161955
A5: Alabama | B5: 2011 | C5: =A5&", "&B5 -> Alabama, 2011 | D5: 119 | E5: 56 | F5: 69 | G5: 60 | H5: 55 | I5: 67 | J5: 70 | K5: 133 | L5: 292 | M5: 348 | N5: 47 | O5: 1316 | P5: 302465.33 | Q5: 624268.93 | R5: 673110.75 | S5: 600554.19 | T5: 621591.47 | U5: 685251.41 | V5: 571738.58 | W5: 361136.26 | X5: 209480.69 | Y5: 74641.936 | Z5: 4724083 | AA5: =D5/P5 -> 0.00039343353 | AB5: =E5/Q5 -> 8.9704928e-05 | AC5: =F5/R5 -> 0.00010250913 | AD5: =G5/S5 -> 9.9907721e-05 | AE5: =H5/T5 -> 8.8482552e-05 | AF5: =I5/U5 -> 9.7774334e-05 | AG5: =J5/V5 -> 0.00012243358 | AH5: =K5/W5 -> 0.00036828205 | ... AJ5: =M5/Y5 -> 0.0046622585 | AK5: =O5/Z5 -> 0.00027857258
A6: Alabama | B6: 2012 | C6: =A6&", "&B6 -> Alabama, 2012 | D6: 113 | E6: 53 | F6: 36 | G6: 44 | H6: 57 | I6: 43 | J6: 62 | K6: 120 | L6: 270 | M6: 358 | N6: 44 | O6: 1200 | P6: 302985.45 | Q6: 623402.06 | R6: 673585.64 | S6: 603422.47 | T6: 615637.21 | U6: 685031.79 | V6: 587077.4 | W6: 372511.51 | X6: 209116.65 | Y6: 77256.961 | Z6: 4750085 | AA6: =D6/P6 -> 0.0003729552 | AB6: =E6/Q6 -> 8.5017364e-05 | AC6: =F6/R6 -> 5.344532e-05 | AD6: =G6/S6 -> 7.2917404e-05 | AE6: =H6/T6 -> 9.2586996e-05 | AF6: =I6/U6 -> 6.277081e-05 | AG6: =J6/V6 -> 0.00010560788 | AH6: =K6/W6 -> 0.0003221377 | ... AJ6: =M6/Y6 -> 0.0046338866 | AK6: =O6/Z6 -> 0.00025262706
A7: Alabama | B7: 2013 | C7: =A7&", "&B7 -> Alabama, 2013 | D7: 98 | E7: 67 | F7: 45 | G7: 49 | H7: 57 | I7: 93 | J7: 115 | K7: 124 | L7: 283 | M7: 381 | N7: 74 | O7: 1386 | P7: 290586.28 | Q7: 603626.75 | R7: 658280.51 | S7: 593310.57 | T7: 591727.73 | U7: 659986.22 | V7: 585877.94 | W7: 374953.29 | X7: 208524.73 | Y7: 77352.135 | Z7: 4642560 | AA7: =D7/P7 -> 0.00033724924 | AB7: =E7/Q7 -> 0.00011099574 | AC7: =F7/R7 -> 6.8359916e-05 | AD7: =G7/S7 -> 8.2587438e-05 | AE7: =H7/T7 -> 9.6328087e-05 | AF7: =I7/U7 -> 0.00014091203 | AG7: =J7/V7 -> 0.00019628662 | AH7: =K7/W7 -> 0.00033070786 | ... AJ7: =M7/Y7 -> 0.0049255266 | AK7: =O7/Z7 -> 0.00029854218
A8: Alabama | B8: 2014 | C8: =A8&", "&B8 -> Alabama, 2014 | D8: 117 | E8: 69 | F8: 45 | G8: 52 | H8: 78 | I8: 73 | J8: 86 | K8: 175 | L8: 261 | M8: 345 | N8: 44 | O8: 1345 | P8: 280763.58 | Q8: 585212.75 | R8: 634099.12 | S8: 583109.22 | T8: 572361.62 | U8: 630741.92 | V8: 571194.49 | W8: 370208.03 | X8: 201733.94 | Y8: 74948.271 | Z8: 4505293 | AA8: =D8/P8 -> 0.00041672072 | AB8: =E8/Q8 -> 0.00011790584 | AC8: =F8/R8 -> 7.0966823e-05 | AD8: =G8/S8 -> 8.9177119e-05 | AE8: =H8/T8 -> 0.00013627748 | AF8: =I8/U8 -> 0.00011573672 | AG8: =J8/V8 -> 0.00015056168 | AH8: =K8/W8 -> 0.0004727072 | ... AJ8: =M8/Y8 -> 0.0046031749 | AK8: =O8/Z8 -> 0.00029853774
A9: Alabama | B9: 2015 | C9: =A9&", "&B9 -> Alabama, 2015 | D9: 114 | E9: 56 | F9: 64 | G9: 49 | H9: 65 | I9: 64 | J9: 117 | K9: 195 | L9: 308 | M9: 381 | N9: 54 | O9: 1467 | P9: 268923.61 | Q9: 567221.45 | R9: 612740.59 | S9: 570455.38 | T9: 554026.67 | U9: 603634.74 | V9: 563499.2 | W9: 374005.2 | X9: 198233.03 | Y9: 74328.532 | Z9: 4387292 | AA9: =D9/P9 -> 0.0004239122 | AB9: =E9/Q9 -> 9.8726873e-05 | AC9: =F9/R9 -> 0.00010444877 | AD9: =G9/S9 -> 8.5896288e-05 | AE9: =H9/T9 -> 0.00011732287 | AF9: =I9/U9 -> 0.00010602438 | AG9: =J9/V9 -> 0.00020763117 | AH9: =K9/W9 -> 0.00052138313 | ... AJ9: =M9/Y9 -> 0.0051258916 | AK9: =O9/Z9 -> 0.00033437483
A10: Alabama | B10: 2016 | C10: =A10&", "&B10 -> Alabama, 2016 | D10: 95 | E10: 51 | F10: 47 | G10: 56 | H10: 57 | I10: 65 | J10: 123 | K10: 191 | L10: 277 | M10: 289 | N10: 71 | O10: 1322 | P10: 273074.4 | Q10: 579026.22 | R10: 624984.37 | S10: 587300.13 | T10: 569307.8 | U10: 616568.14 | V10: 591634.84 | W10: 408093.9 | X10: 211824.26 | Y10: 78688.535 | Z10: 4540957 | AA10: =D10/P10 -> 0.00034789054 | AB10: =E10/Q10 -> 8.8078913e-05 | AC10: =F10/R10 -> 7.5201881e-05 | AD10: =G10/S10 -> 9.5351587e-05 | AE10: =H10/T10 -> 0.00010012159 | AF10: =I10/U10 -> 0.00010542225 | AG10: =J10/V10 -> 0.00020789851 | AH10: =K10/W10 -> 0.00046802954 | ... AJ10: =M10/Y10 -> 0.0036727078 | AK10: =O10/Z10 -> 0.00029112806
A11: Alabama | B11: 2017 | C11: =A11&", "&B11 -> Alabama, 2017 | D11: 129 | E11: 61 | F11: 48 | G11: 54 | H11: 34 | I11: 66 | J11: 114 | K11: 227 | L11: 338 | M11: 375 | N11: 47 | O11: 1493 | P11: 276536 | Q11: 584120 | R11: 629757 | S11: 596399 | T11: 570061 | U11: 613579 | V11: 602645 | W11: 423368 | X11: 216758 | Y11: 78846 | Z11: 4592069 | AA11: =D11/P11 -> 0.00046648538 | AB11: =E11/Q11 -> 0.0001044306 | AC11: =F11/R11 -> 7.6219875e-05 | AD11: =G11/S11 -> 9.0543411e-05 | AE11: =H11/T11 -> 5.964274e-05 | AF11: =I11/U11 -> 0.00010756561 | AG11: =J11/V11 -> 0.00018916609 | AH11: =K11/W11 -> 0.00053617657 | ... AJ11: =M11/Y11 -> 0.0047561068 | AK11: =O11/Z11 -> 0.00032512578
A12: Alaska | B12: 2009 | C12: =A12&", "&B12 -> Alaska, 2009 | D12: 122 | E12: 51 | F12: 47 | G12: 63 | H12: 48 | I12: 53 | J12: 61 | K12: 51 | L12: 66 | M12: 39 | N12: 64 | O12: 665 | P12: 52103.369 | Q12: 98091.997 | R12: 113846.81 | S12: 97175.086 | T12: 96188.665 | U12: 107008.78 | V12: 71294.965 | W12: 29675.831 | X12: 13770.125 | Y12: 4362.753 | Z12: 683142 | AA12: =D12/P12 -> 0.0023414993 | AB12: =E12/Q12 -> 0.00051992009 | AC12: =F12/R12 -> 0.00041283544 | AD12: =G12/S12 -> 0.00064831432 | AE12: =H12/T12 -> 0.0004990193 | AF12: =I12/U12 -> 0.00049528648 | AG12: =J12/V12 -> 0.00085560039 | AH12: =K12/W12 -> 0.0017185702 | ... AJ12: =M12/Y12 -> 0.0089393097 | AK12: =O12/Z12 -> 0.0009734433
A13: Alaska | B13: 2010 | C13: =A13&", "&B13 -> Alaska, 2010 | D13: 108 | E13: 78 | F13: 50 | G13: 62 | H13: 81 | I13: 67 | J13: 64 | K13: 51 | L13: 79 | M13: 44 | N13: 49 | O13: 733 | P13: 50305.911 | Q13: 98262.352 | R13: 106797.49 | S13: 91820.862 | T13: 93582.537 | U13: 106996.27 | V13: 76215.224 | W13: 31384.032 | X13: 14062.271 | Y13: 4221.745 | Z13: 673548 | AA13: =D13/P13 -> 0.002146865 | AB13: =E13/Q13 -> 0.00079379333 | AC13: =F13/R13 -> 0.00046817582 | AD13: =G13/S13 -> 0.00067522781 | AE13: =H13/T13 -> 0.0008655461 | AF13: =I13/U13 -> 0.00062619004 | AG13: =J13/V13 -> 0.00083972724 | AH13: =K13/W13 -> 0.0016250302 | ... AJ13: =M13/Y13 -> 0.010422231 | AK13: =O13/Z13 -> 0.0010882669
A14: Alaska | B14: 2011 | C14: =A14&", "&B14 -> Alaska, 2011 | D14: 106 | E14: 47 | F14: 58 | G14: 36 | H14: 62 | I14: 36 | J14: 56 | K14: 59 | L14: 49 | M14: 64 | N14: 58 | O14: 631 | P14: 49320.758 | Q14: 95649.268 | R14: 102347.12 | S14: 93628.767 | T14: 90209.519 | U14: 105024.54 | V14: 78744.331 | W14: 32341.642 | X14: 14472.803 | Y14: 4042.533 | Z14: 665600 | AA14: =D14/P14 -> 0.0021491965 | AB14: =E14/Q14 -> 0.00049137856 | AC14: =F14/R14 -> 0.00056669888 | AD14: =G14/S14 -> 0.00038449721 | AE14: =H14/T14 -> 0.00068728889 | AF14: =I14/U14 -> 0.00034277702 | AG14: =J14/V14 -> 0.00071116231 | AH14: =K14/W14 -> 0.0018242735 | ... AJ14: =M14/Y14 -> 0.015831658 | AK14: =O14/Z14 -> 0.00094801683
... A461: Wyoming | B461: 2017 | C461: =A461&", "&B461 -> Wyoming, 2017 | D461: 103 | E461: 73 | F461: 41 | G461: 45 | H461: 34 | I461: 56 | J461: 49 | K461: 46 | L461: 56 | M461: 67 | N461: 69 | O461: 639 | P461: 34608 | Q461: 72231 | R461: 74550 | S461: 76703 | T461: 65710 | U461: 65953 | V461: 74751 | W461: 45783 | X461: 22065 | Y461: 8870 | Z461: 541224 | AA461: =D461/P461 -> 0.0029761905 | AB461: =E461/Q461 -> 0.0010106464 | AC461: =F461/R461 -> 0.00054996647 | AD461: =G461/S461 -> 0.00058667849 | AE461: =H461/T461 -> 0.00051742505 | AF461: =I461/U461 -> 0.0008490895 | AG461: =J461/V461 -> 0.00065550963 | AH461: =K461/W461 -> 0.0010047398 | ... AJ461: =M461/Y461 -> 0.0075535513 | AK461: =O461/Z461 -> 0.0011806572

Sheet Statistic Analysis
A2: Hypothesis: If a state has a higher population of vulnerable individuals (e.g., those aged 85+), it’s likely to see more influenza deaths.
A3: DATA SPREAD
B4: 85+ Flu Death | C4: 85 years and over Population | D4: 15-24 Flu Death | E4: 15-24 years Population
A5: Dataset Name | B5: integrated | C5: integrated | D5: integrated | E5: integrated
A6: Sample or Population? | B6: sample | C6: sample | D6: sample | E6: sample
A7: Normal Distribution? | B7: YES | C7: YES | D7: YES | E7: YES
A8: Variance | B8: =_xlfn.VAR.S(Integrated!M3:M461) -> 294444.49 | C8: =_xlfn.VAR.S(Integrated!Y3:Y461) -> 1.4980239e+10 | D8: =_xlfn.VAR.S(Integrated!D3:D461) -> 178.64207 | E8: =_xlfn.VAR.S(Integrated!R3:R461) -> 9.5133881e+11
A9: Standard deviation | B9: =_xlfn.STDEV.S(Integrated!M3:M461) -> 542.62739 | C9: =_xlfn.STDEV.S(Integrated!Y3:Y461) -> 122393.78 | D9: =_xlfn.STDEV.S(Integrated!F3:F461) -> 9.296585 | E9: =_xlfn.STDEV.S(Integrated!Q3:Q461) -> 916194.6
A10: Mean | B10: =AVERAGE(Integrated!M3:M461) -> 475.13508 | C10: =AVERAGE(Integrated!Y3:Y461) -> 108026.23 | D10: =AVERAGE(Integrated!F3:F461) -> 53.111111 | E10: =AVERAGE(Integrated!R3:R461) -> 837687.79
A11: Median | B11: =MEDIAN(Integrated!M3:M461) -> 320 | C11: =MEDIAN(Integrated!Y3:Y461) -> 70543.093 | D11: =MEDIAN(Integrated!F3:F461) -> 53 | E11: =MEDIAN(Integrated!R3:R461) -> 554233.19
A12: one Standard Deviation lower | B12: =B10-B9 -> -67.492317 | C12: =C10-C9 -> -14367.553 | D12: =D10-D9 -> 43.814526 | E12: =E10-E9 -> -78506.813
A13: one Standard Deviation Upper | B13: =B10+B9 -> 1017.7625 | C13: =C10+C9 -> 230420.02 | D13: =D10+D9 -> 62.407696 | E13: =E10+E9 -> 1753882.4
A15: two Standard Deviation lower | B15: =B12-B9 -> -610.11971 | C15: =C12-C9 -> -136761.34 | D15: =D12-D9 -> 34.517941 | E15: =E12-E9 -> -994701.42
A16: twoStandard Deviation Upper | B16: =B13+B9 -> 1560.3899 | C16: =C13-C9 -> 108026.23 | D16: =D13-D9 -> 53.111111 | E16: =E13+E9 -> 2670077
A18: three standard Deviation lower | B18: =B15-B9 -> -1152.7471 | C18: =C15-C9 -> -259155.12 | D18: =D15-D9 -> 25.221356 | E18: =E15-E9 -> -1910896
A19: three standard Deviation upper | B19: =B16-B9 -> 1017.7625 | C19: =C16+C9 -> 230420.02 | D19: =D16+D9 -> 62.407696 | E19: =E16+E9 -> 3586271.6
A21: count of outliers | B21: =COUNTIFS(Integrated!M3:M461, "<"&$B$18) + COUNTIFS(Integrated!M3:M461,">"&$B$19) -> 56 | C21: =COUNTIFS(Integrated!Y3:Y461, "<"&$C$18) + COUNTIFS(Integrated!Y3:Y461,">"&$C$19) -> 55 | D21: =COUNTIFS(Integrated!F3:F461,"<"&$D$18) + COUNTIFS(Integrated!F3:F461,">"&$D$19) -> 76 | E21: =COUNTIFS(Integrated!Q3:Q461,"<"&$E$18) + COUNTIFS(Integrated!R3:R461,">"&$E$19) -> 17
A22: Outlier Percentage | B22: =B21/ROWS(Integrated!M3:M461) -> 0.12200436 | C22: =C21/ROWS(Integrated!Y3:Y461) -> 0.11982571 | D22: =D21/ROWS(Integrated!F3:F461) -> 0.16557734 | E22: =E21/ROWS(Integrated!Q3:Q461) -> 0.037037037
A25: CORRELATION
A26: Variables | B26: Total death flu/ Population of 85+ | C26: total death flu/ population of 15-24 years
A27: Proposed relationship | B27: Total influenza deaths will be higher when there are people of 85 years old and above | C27: influenza death will not increase with population in the age bracket of 15-24 and younger
A28: Correlation coefficient | B28: =CORREL(Integrated!M3:M461,Integrated!Y3:Y461) -> 0.9407519 | C28: =CORREL(Integrated!F3:F461,Integrated!R3:R461) -> 0.031239857
A29: Strength of correlation | B29: Strong | C29: very weak
A30: Usefulness / interpretation | B30: The strong positive correlation suggests that states with larger populations of individuals aged 85 and older tend to experience a higher number of total influenza deaths. Therefore, it would be beneficial for the medical staffing agency to allocate more staff to states with higher populations of people in this age group. | C30: A very weak positive correlation exists between the population of individuals aged 15-24 and the total number of influenza deaths. Therefore, the staffing agency can consider less staffing in states with large populations of this age group
